max1,max2,max3,min1,min2,min3,Std1,Std2,Std3,Kurtosis1,Kurtosis2,Kurtosis3,Skewness1,Skewness2,Skewness3,Result
0.75857338968227694,0.71790013555235155,0.60782450877100291,-1.0,-0.40965279402836358,-0.29307453653928478,0.53094442454187962,0.32634967326176834,0.23502283604476387,-1.0667130280724133,-1.0111094844664292,-0.1865110975705,-0.29549905847835239,0.47735777640319749,0.87817509991644593,6
0.63958094677358457,0.66574724119026141,0.52285977588204047,-1.0,-0.70681206815268005,-0.40247476913034314,0.54125214255010712,0.38802121662048916,0.25155821149964225,-0.99943868712930817,-0.99389062712464282,-0.6988461196966087,-0.74903252307774371,-0.11477817521259513,0.45477343800064512,6
0.69583540639435448,0.56143681908791121,0.66079024178877332,-1.0,-0.66851672620026148,-0.33018228058123367,0.58487110884417581,0.36027047230637743,0.26390540447100996,-1.2773874554578704,-1.0032456132536223,-0.2654258249400141,-0.46171349497459629,-0.044423766970408701,0.78896181422420963,6
0.6143894947542794,0.63185308531198225,0.4285598426283822,-1.0,-0.47188621617890664,-0.44285874516841522,0.50501564003368249,0.32261174099314216,0.26286705206958855,-1.1017056111237409,-1.1602797851273585,-1.3620604615295979,-0.42782129329496954,0.33955853880615461,0.14041147466375506,6
0.75469445540091284,0.52654439247948004,0.48016214008001362,-1.0,-0.38575416502319637,-0.36223375781822276,0.54630769629051146,0.28296734801146822,0.27118279318679295,-1.0202514696580156,-1.1125534739439069,-1.2873452730044339,-0.32617557828362781,0.58368302661052207,0.38672828926457425,6
0.5737883288810921,0.39768763721014416,0.32520719132571818,-1.0,-0.30602538240703198,-0.24084143441738107,0.44477333200558739,0.21421685690318332,0.16165427725700279,-0.5027422878904555,-1.216589239365357,-1.1060734157760213,-0.69760745832389981,0.528495074984765,0.46603357942900442,6
0.60553524183239693,0.55172765738180884,0.3843197875481833,-1.0,-0.39448655826074897,-0.292094493494654,0.50458977299500918,0.27369908139097815,0.21857606774042262,-0.89096159977060552,-1.0993591520843757,-1.2179919575845544,-0.67373877868031828,0.39295091599271897,0.45375135535098482,6
0.69301865971493282,0.47710041948792481,0.4010435290815485,-1.0,-0.46279630419987766,-0.33496822119432929,0.50473553285426342,0.28111411108226769,0.18483822761486687,-1.0108845185145767,-1.221743966228493,-0.84817730601297203,-0.44714184395599554,0.21832806836864749,0.049500048317880886,6
0.87729943363126484,0.34555280546054129,0.34612248723872413,-1.0,-0.29253118906728143,-0.37019376452991565,0.52777480775177543,0.20511599117991047,0.22150583140557251,-1.1165428100339019,-1.4862951294285864,-1.4064648141100129,-0.11526065179428352,0.24417428924097179,-0.063835882606633101,6
0.69541122270280997,0.52581033822209555,0.4069187564764627,-1.0,-0.3601217441601115,-0.32672213880413692,0.52694867365498821,0.27970021730892114,0.23566031629511577,-1.1568355637085146,-1.1361510703446902,-1.4195301938553593,-0.37086690814685291,0.49125600145466614,0.1983485738021715,6
0.63879956841533181,0.47040238243276061,0.36803444849759265,-1.0,-0.55597213734924111,-0.53975657984271885,0.52666727474584385,0.29231632929047513,0.23158856212038836,-1.0487549179158591,-1.216942811187711,-0.5387681786352112,-0.56009390283076321,-0.094100026395304903,-0.4099776439517796,6
0.62633079321314755,0.4402181760720133,0.26919098488914556,-1.0,-0.36360589903635271,-0.26111382045155473,0.45825993222386696,0.2436761054098964,0.15456828910737025,-0.65511765448439263,-1.3024614045200344,-1.2749431687569885,-0.64059819615901148,0.28122608312261355,0.020959081848541398,6
0.63849886313025961,0.3870151101217324,0.32689069339602311,-1.0,-0.29988861927982879,-0.44489149642606263,0.46150175506028052,0.22520658151866788,0.19895036478944947,-0.73077544972784958,-1.4184017696069851,-0.85141234973549951,-0.57979771254007439,0.15922734422645615,-0.034610539569038312,6
0.76087484769182079,0.53185579103230418,0.46876480470464016,-1.0,-0.3795143969470185,-0.36773531504411466,0.55313656610467477,0.29230172025868911,0.23170021408656294,-1.3235446751289033,-1.2902889235365602,-1.1030642164613509,-0.20652981941940773,0.3680151724387144,0.27649326108110539,6
0.67688499565467675,0.49069070890847738,0.39123429758129158,-1.0,-0.55579719754856038,-0.49541342648502845,0.47404599290278848,0.29919189060293339,0.19850688689186036,-0.73036984095859658,-1.061286115276971,-0.42811896678489658,-0.66394137961662025,-0.015440969042658547,-0.3669507248643451,6
0.61577701938209528,0.39174328272014891,0.50356637105618041,-1.0,-0.44513031128695524,-0.40092799370893367,0.41848767974104789,0.26151416600619848,0.17147637223865317,-0.38539300845916014,-1.2685908519310121,1.291601317726558,-0.58233062966242799,-0.30014911051811399,0.90348919340167433,6
0.61287512341632999,0.35579330772358064,0.43113161366332864,-1.0,-0.37567764899151229,-0.29829415815543414,0.4815247157847985,0.23122827655171194,0.18919571140976599,-0.78274617377685418,-1.3990766313645928,-0.98335834425165158,-0.67708743805033456,0.050198818881170053,0.24782159047209995,6
0.74064303988687319,0.50806284447044192,0.48303049749506155,-1.0,-0.46732695196367668,-0.32261221584590066,0.53817647772297317,0.29795462998479905,0.22951398665383577,-1.1117528106431003,-1.3847669605236577,-0.77735793694776545,-0.35330457789696529,0.19435587735786486,0.55346868615854683,6
0.598837941082071,0.50825288390738776,0.36982139598109476,-1.0,-0.4658171228264496,-0.24567964556101693,0.48668717956584512,0.27005730023970531,0.17040994831450995,-0.65536781049604009,-1.1920830127273778,-0.90549832978227363,-0.72442160811384049,0.19418329310305257,0.56651064304488297,6
0.51041089360529057,0.52240833216077365,0.37933356497368198,-1.0,-0.45738726916129918,-0.30318802208815154,0.4507544435677967,0.27887423596442334,0.16629820799579229,-0.75472207991946139,-1.1457017087301804,-0.56712505971085481,-0.64689833885969994,0.15407124973266303,0.0043605893220850424,6
0.60055387980455455,0.55314886842708721,0.47762100686175962,-1.0,-0.3724874759662028,-0.35238948863135222,0.49129214536139348,0.28517941680856385,0.22721147702680686,-0.7086286660222556,-1.0158219322819233,-0.83347188959910756,-0.77824568685381823,0.64191199242378572,0.38236961407890435,6
0.48819728720272171,0.3870387210028422,0.43832042592304926,-1.0,-0.38054377518572108,-0.45658584927034696,0.38488959135788775,0.22301770411784472,0.19990483177432694,0.53862895722887094,-1.2831724231484665,-0.39061936968358824,-1.1204333237232478,-0.3589351322533349,-0.014573096820018684,6
0.65848988695820376,0.4738280207524857,0.38925356178369519,-1.0,-0.36123917509114106,-0.36146197785193651,0.45387057978937195,0.28396550371045398,0.17967764287640847,-0.79089386794402028,-1.3821992344877532,-0.66338623626626525,-0.38760738304640951,0.3101597578286624,0.028267562006706434,6
0.64552897644181451,0.48878036676190117,0.37229101544774545,-1.0,-0.43086998827087952,-0.42863215019707462,0.51552515410434863,0.28113929594576831,0.21359221407593526,-0.86171781125365809,-1.3749188210593892,-0.99505484082996887,-0.62870368339328808,0.17884475128714464,-0.082931052758035903,6
0.44645875605118945,0.27986185447322026,0.57336091983405502,-1.0,-0.37914023847944062,-0.35455044122424406,0.33916389158453686,0.18152802270124346,0.19881184644194319,1.7979214463684094,-0.94331904774345388,0.22235024138020121,-1.4684217129355848,-0.52598192215897577,0.71162872277615108,6
0.91495218974376424,0.51561659917650671,0.5458204308027359,-1.0,-0.353804403307585,-0.35623319835301331,0.50704774928465735,0.25486690288455982,0.21407612975733631,-0.664390942829578,-1.0011494699538031,0.19918438652515791,-0.082770840713997526,0.43126824650913831,0.83784643343295329,6
0.71745975070074786,0.59373897047027235,0.43980067248765325,-1.0,-0.32596646447061955,-0.33736930135822091,0.49955573856561242,0.27220633014977785,0.19228119495794951,-0.83876183806388438,-0.78082134069049802,-0.8396311891926711,-0.47941735277904618,0.73352053738845568,0.16096670055676718,6
0.69899256865854831,0.44114770250607177,0.42706141502997541,-1.0,-0.5346585249742023,-0.38962857637229698,0.5003649872638567,0.30692514477796928,0.20014875826761724,-0.84051277683599945,-1.4246953765940249,-0.64684781857879736,-0.6044032876800981,-0.16475758032916879,-0.19185331632555414,6
0.56301484226932874,0.37495834132843192,0.45163301992546873,-1.0,-0.33488185769061157,-0.27601184284497587,0.4547812293357073,0.25374523550917122,0.17487283313851662,-0.42216317871621412,-1.579445389849256,-0.013139213934231009,-0.87463413854421956,0.15904455790355987,0.57357523456806203,6
0.52782705164397692,0.41631969877423031,0.60447214574788666,-1.0,-0.25769238989152843,-0.33570042180156479,0.45705778728617064,0.22923333653935155,0.25552409431012091,-0.5680928793866391,-1.3490904087898097,-0.066936728815116808,-0.7418763259993274,0.52448823791454857,0.80625731093856257,6
0.58905570396019102,0.58148689053048597,0.51117531160547847,-1.0,-0.33690991455079422,-0.28573598372800701,0.48069338190931515,0.27544955582187391,0.2334652563428182,-0.74400889048021313,-1.1393110880962898,-0.97373380546085553,-0.60212230262968736,0.508787176280867,0.53122638372541775,6
0.67973775046516582,0.57520441551649815,0.56158108928054018,-1.0,-0.58216650664760572,-0.30184339939041305,0.50023541364504964,0.31386231396352526,0.21263348033268337,-0.85006034900860872,-0.99363152161032886,-0.28281121905870954,-0.50195423715528542,0.045402231158702823,0.81328766830832755,6
0.63670616622082232,0.41340870212520181,0.34419066861994785,-1.0,-0.51445617676340794,-0.29400246054781121,0.4735372349040054,0.26716287636385616,0.17776411221006458,-0.75075758169175932,-1.1620314121992479,-1.2655879451812899,-0.59279158608860483,-0.018753901578964262,0.25081559194972863,6
0.55545894753738723,0.3951959499121086,0.39113893771746633,-1.0,-0.36532466326641416,-0.21048544086566381,0.44278003722625942,0.22819911571215437,0.14928461607867077,-0.35203409884228121,-1.1975851574708791,-0.43077410926903736,-0.88628245730558097,0.13398362839907405,0.63272242059069717,6
0.76773635036630794,0.53946317810717104,0.36579130346691713,-1.0,-0.58582289206002758,-0.35987143534699112,0.47737457866043587,0.29937784077597185,0.18602173962561439,-0.51907216810821577,-0.90965201822028519,-1.1148125961661144,-0.66599561374206029,-0.10145379904320277,0.097876547737434733,6
0.68347170600707741,0.5021042616459207,0.87687569213096961,-1.0,-0.33729566367045255,-0.39254411517793347,0.51574552237533344,0.26275406633140919,0.30011071415695623,-0.90419666476107574,-1.1961988483070367,1.068437456233637,-0.51483526520815981,0.5223112159396377,1.1361910848597472,6
0.73266121072694756,0.44244726657003408,0.4792428282066491,-1.0,-0.4942887634135022,-0.24037662755008249,0.37902988454854825,0.24667596248744503,0.14229148944808398,0.16446356287661068,-0.99557911186218684,1.1299215773376288,-0.52497930395280312,-0.36121737658620945,0.87647382677950092,6
0.55697691888269374,0.48567579749117556,0.3217877104402681,-1.0,-0.34696457901817895,-0.28056648587330285,0.4705865740324196,0.25587188611804235,0.19252974802981734,-0.71375679367243361,-1.3973502034383125,-1.4250602289459207,-0.71360213247158244,0.24002229632633487,0.10741594925370208,6
0.45596349214797327,0.307547525849514,0.3848630149137704,-1.0,-0.33910562536389316,-0.29386917750886649,0.41063640284244513,0.2040908212696676,0.16810941388901621,0.040319740641741042,-1.3811377995977285,-0.73944700492317894,-1.0450320254412762,-0.017897167339634427,0.1917150528145723,6
0.68111036360498334,0.50110846157368427,0.35744240191330251,-1.0,-0.4239381205817398,-0.28836062513428701,0.45183268599924314,0.26184929825209352,0.17906384798106154,-0.52767256041002719,-0.98360337398656794,-0.94516340991408576,-0.61971711952616593,0.20423350076963273,0.23895207495827978,6
0.5698096537496975,0.55941886849083144,0.61024515362657639,-1.0,-0.37708552846422039,-0.29644914570878117,0.4638342879919925,0.28159274968126652,0.23452633995509864,-0.55238634450176294,-1.1010301573658192,0.039051234918676681,-0.66586562803749183,0.51445654998003498,1.017968992536805,6
0.74899286941133592,0.52281181144711042,0.52502992765315137,-1.0,-0.2935902774163327,-0.24155866687485913,0.4828214784448136,0.24708552463228506,0.20422824241586263,-0.70293641434085474,-0.66225621336876062,0.0069861861772446687,-0.45032644494405771,0.84032111341154281,0.9985528412695357,6
0.84800408739819066,0.46928260150873075,0.42018092747873653,-1.0,-0.41051783728548669,-0.45661888017311325,0.57443110597648905,0.30599093573882935,0.23732814175823164,-1.0478162736899164,-1.4779013826880201,-1.0112882627898232,-0.23380157039543178,0.25592763198862611,0.095765709777170749,6
0.57570663407663414,0.5142039577419002,0.35415844527464813,-1.0,-0.36669175821023703,-0.31852555599789295,0.47410167341199794,0.26769807521471461,0.19506780523108161,-0.67535404258740428,-1.1652646153600656,-1.1528882898879018,-0.67498475192035867,0.46395468008912794,0.37970897547586996,6
0.60090967090528347,0.55985186235384055,0.2728064343697732,-1.0,-0.36810729825058869,-0.33999429060805025,0.47795629415051283,0.27585391548164334,0.13603941111315498,-0.55853325645129948,-1.0747098989993196,-0.18528280413342113,-0.74566775189796208,0.50276383887771547,-0.21642249410854197,6
0.64488414122215076,0.44801013509948945,0.40429234426177613,-1.0,-0.50373358736398477,-0.25019934070605043,0.43324391820788571,0.27394973387464122,0.15531124703538732,-0.38679328002207747,-1.1181727745244636,0.24425988489434047,-0.4931077260553951,-0.20730010283073677,0.81379670727898423,6
0.64309596400358149,0.58553588496862397,0.45094600159429976,-1.0,-0.37052264321308082,-0.19902963055313136,0.4639132414261416,0.26288904079962566,0.1548738545399545,-0.438285658703784,-0.98051764474905267,0.96252296853364383,-0.77535569065196419,0.46612025299748938,1.1717173207438754,6
0.62934941190799054,0.3538631741426026,0.47235297444968144,-1.0,-0.41415222362019671,-0.25725209861783976,0.36436373548148243,0.21010950580183868,0.13373453276325359,0.83467855014240877,-1.0331209545404416,2.1223682899496428,-0.90412124637935909,-0.33839363815783535,1.0766799626126564,6
0.49285072192177859,0.53749488308755,0.43948741050974405,-1.0,-0.46386071301475107,-0.21226015651409516,0.38361210939973622,0.25382118408026122,0.16016279162172706,0.33754277796503596,-0.89721224445889147,0.75639986388849323,-0.91395521190828044,-0.060797840820239361,1.1349614403205717,6
0.6437342144516881,0.44881054964907791,0.42115753754360519,-1.0,-0.33093165191863128,-0.27151083668605996,0.50646994180451521,0.26297397658281985,0.19609144642547707,-0.8309647461417411,-1.3636522496181684,-0.86690968639207,-0.54749588215557754,0.47270167143031688,0.54583747325091958,6
0.50569320883268387,0.47296522314535699,0.53520280371541307,-1.0,-0.38307575423375728,-0.35640516628679259,0.42249867756007647,0.23870335306629983,0.19118702148708933,-0.33967332761399804,-0.87876273216105849,0.56946063830931459,-0.81998326956472622,0.44453954639577209,0.81095689048262087,6
0.73682836501312532,0.59819904678568947,0.54827664467513193,-1.0,-0.52665156251844825,-0.34167341193262668,0.52986070672487351,0.32303846257595975,0.24128713501255247,-1.084226216768815,-1.0210839262520235,-0.47186360482598255,-0.33066341493523776,0.27003928714166442,0.6638942931897952,6
0.643870196256217,0.46328556692225309,0.40743631692718102,-1.0,-0.33558433366842094,-0.40259791457236888,0.51155237476670168,0.25720703356562985,0.22012049879183768,-0.77593062918542177,-1.3929554576791314,-0.92502355574717088,-0.64536668264546104,0.240473078070011,0.077991578977861534,6
0.81663264034752947,0.80587142858544369,0.61822862350867136,-1.0,-0.78520841079594128,-0.62288864318866977,0.49240923432473765,0.40597406346700593,0.32520518276387644,-0.87873216947860566,-0.63666645539225941,-0.79043429342763538,-0.11698787500793299,0.22847052844461008,0.050550053363826071,5
0.56650330710076924,0.49364175731729842,0.61306043227202289,-1.0,-0.3713973527745027,-0.38039699253611348,0.41514273572256832,0.25055530446738483,0.24625255242887278,-0.45037088400826031,-1.1399846035386212,-0.28084393482704462,-0.689033482795121,0.25680051393486769,0.68443872206526879,5
0.88926764899934019,0.90821640642181656,0.72330437651198598,-1.0,-0.60218605674070824,-0.60601165603694751,0.55003630926657465,0.39494400759187731,0.34612973953175402,-1.2807154279773958,-0.47076881722048114,-0.90963025686734245,-0.18936079514266538,0.49065511214894769,0.11510970703827315,5
0.69541377288658268,0.63848949199470006,0.6820436264520553,-1.0,-0.57586761747089854,-0.54513780376619714,0.49400742682378335,0.29836044367624792,0.27921621857553242,-1.1225462001680029,-0.62332964917467804,-0.15011559613147929,-0.34630131217804899,0.20387722693354607,0.55740491482801013,5
0.85121698038806115,0.94145619872408381,0.82699034216982525,-1.0,-0.70592962210622123,-0.84267392513742856,0.56490752691082846,0.38082582136264004,0.37990168696499244,-1.3837269129692338,-0.41221236166153385,-0.20247967160393765,-0.17735731825023276,0.54292498845148196,0.27220384494500444,5
0.78122827252099336,0.93615238731232309,0.74877104543339912,-1.0,-0.77867314643926389,-0.61959567929197579,0.51706077720039456,0.351297982078492,0.36068988218511733,-1.1669570532091442,0.33438405580317987,-0.86679404176657426,-0.29103454584912003,0.33617131430169733,0.34583895320525304,5
0.99686652018645761,1.0,0.94659788080145324,-0.91360326910142919,-0.61740743326120129,-0.7240842493886499,0.5279128664032855,0.35458889374127889,0.40358257335822689,-1.1511907677448114,0.80602379815098057,-0.19195029425950993,-0.11057363715563054,0.73847985205027167,0.60468830231540738,5
1.0,0.66886449892296651,0.82590111806339117,-0.95485895989332259,-0.57778643963483445,-0.55191404246589415,0.52702314929732907,0.29890046505702456,0.32746226804220613,-1.1528016478848413,-0.15635549322842612,-0.30721002770317352,0.0063203294621129863,0.28870412691719977,0.69389280711939605,5
0.78650891879456286,0.86430538266461687,0.83400359533890034,-1.0,-0.45970491826667575,-0.53093578681923059,0.48998405635730169,0.29209965824779066,0.32151305959632626,-0.84275855524200338,0.31284614701216373,-0.046030403140161269,-0.49959514977900027,0.70504690598407094,0.68455829909279031,5
0.75204041687286249,0.57264306131643949,0.89235989840913443,-1.0,-0.62083857836097689,-0.64885942411443009,0.55166088315874307,0.31763256545026314,0.34632665077808933,-1.151763537537096,-0.97104630210377607,0.06366080005208552,-0.45663738735236437,-0.052981453177523515,0.71343283625816278,5
0.85295848506448801,0.68739520762311324,0.66442302336451242,-1.0,-0.53650790831792139,-0.5480775518078983,0.47635057169372896,0.27786383328496655,0.29971785303273069,-0.72079858879247771,-0.3554422858025541,-0.5055985024538634,-0.47335021382436276,0.22192670220360156,0.51558400300591922,5
0.55566735793258315,0.82566600812339697,0.83401172673798751,-1.0,-0.40099438349450434,-0.54139041895334206,0.48477174659490746,0.2672302807776521,0.30285304375039657,-0.89642548780710696,0.96528744116703757,0.066782081184995512,-0.69151929949310875,1.0055799987732132,0.7007754011795162,5
0.69625366256697174,0.70056671503337642,0.67079696267263056,-1.0,-0.48586527533748314,-0.47956315255744292,0.51147107206169995,0.25471049778033622,0.2926168314246993,-1.1511360037302365,0.69582528189974502,-0.24572651161321746,-0.32687051335066913,0.78039809259209036,0.55046380547804452,5
0.71428302413824485,0.62640047956362221,0.4661383515942038,-1.0,-0.34370839518804353,-0.43140514024411292,0.39431811978537762,0.2307942576684413,0.22268700085499055,-0.14057467736734885,-0.046684820566035512,-0.71965219225877686,-0.61137889294131142,0.62536948581452534,0.1863010762845545,5
0.55382072411694638,0.58656404962412367,0.67862113704878235,-1.0,-0.55430073729220353,-0.55618162573834673,0.46464245472664489,0.27370101450081291,0.30246118241339692,-0.57792864472672933,-0.37759314292937241,-0.44028756042754402,-0.80957993441405907,-0.0096182995566243597,0.38863653830850831,5
0.79362067061392938,0.8781975719902122,1.0,-0.97517146250814224,-0.75021956366745335,-0.60591683702102628,0.43432965064415124,0.27782501403553755,0.31493771771154389,-0.23756591895218815,2.0124056723811456,0.95442129246640439,-0.56942721911984029,0.21510337187628559,0.72836406560604161,5
0.64995555214468903,0.6898067317715828,0.89609434457000692,-1.0,-0.62205253160914031,-0.55789093327705408,0.4358654850484121,0.27990352803240903,0.30636457626414076,-0.55877930544788779,0.12901019480357956,0.68353391886317683,-0.54806927153728968,0.090016196699731751,0.74270523778161879,5
0.6703092861096146,0.77148330119347341,0.7075471611524089,-1.0,-0.50237125163720542,-0.50487604967008082,0.46187427344286164,0.28830151868231568,0.2824371204787226,-0.41407068911436129,0.10524925921472672,-0.071997782759972484,-0.86645956613875341,0.5805317835049314,0.59063718459725334,5
0.7029415407787627,0.68347396114609615,0.81035905922222828,-1.0,-0.4929273211020993,-0.65055466648169546,0.50525864033527723,0.31363563594296151,0.33401214265872192,-1.1418111829195725,-0.75286764391859018,-0.046742743771276629,-0.34868643414295097,0.29755259832057096,0.61913650424236921,5
0.6194655397766673,0.60947987106047297,0.50387596084743702,-1.0,-0.54871585813289847,-0.52223660487263657,0.47890052644051179,0.29420988875872822,0.28623289952312175,-0.97541766469267799,-0.80641321316608616,-1.0906564159885315,-0.48062043184383779,0.1024305308267731,0.20331438315057493,5
0.92451452343721907,0.65469700675430531,0.74009892095712437,-1.0,-0.58404282324630896,-0.41356934957210367,0.56180236704587283,0.33601738634232703,0.33494836279112089,-1.1694512724702713,-0.95833714177087481,-0.43989320405959864,-0.12432490486549345,0.065868108394615585,0.79777297097228062,5
0.82934109192546213,0.55840479008731425,0.86718430772536093,-1.0,-0.40104632566208559,-0.53973517579817221,0.49529401029168502,0.25573984401325722,0.35442927211920289,-0.78138456202316364,-0.6583345502728073,-0.24655474026045487,-0.49311424059379388,0.42586341363767172,0.51806076098235165,5
0.51828491984044689,0.40486498613775396,0.52984685304036871,-1.0,-0.44414780749453309,-0.42759690732703276,0.40424990844150349,0.24430597478867627,0.2075969730507671,-0.14088499810167354,-1.1557940163526912,-0.25284476219211083,-0.9474673649430132,-0.0037817640695607321,0.30693186933454264,5
0.68224226112293063,0.34510576710924479,0.40171349328167594,-1.0,-0.37967831377987288,-0.43489052106540527,0.44191311889113594,0.19409834475147617,0.19627946321031672,-0.78420633309850629,-1.0487558366271073,-0.38652977202365912,-0.46453358077362228,-0.038256262027353542,-0.14292478441142556,5
0.67495880528599805,0.72580952179522429,0.70424310361071418,-1.0,-0.51330536386901526,-0.45641820373742298,0.51276222958754492,0.31893111898436466,0.32006509244097109,-1.1058054243821991,-0.71782302330072456,-0.35792909837697984,-0.45096243485249499,0.32507968186783109,0.78760146968282441,5
0.90395509421590658,0.56252779714459256,0.77963906281371054,-1.0,-0.64581121916052409,-0.56008291914705444,0.50379102230324302,0.2897453042003309,0.31128019099729359,-0.90199846563110375,-0.26111301231658812,-0.10142391354569158,-0.26947720568226574,-0.31513832389460178,0.52609652549367614,5
0.93133140797829383,1.0,0.94882772511256619,-0.96554169336917717,-0.80472572013549604,-0.81619462176760926,0.62380335495467232,0.46695719611640829,0.42210575574216957,-1.4407982426980643,-0.63073201141043844,-0.55010135287030648,-0.26295724045142899,0.18761109457844047,0.24413906155623702,5
0.64262815359043224,0.65930702557972221,0.62900076539777239,-1.0,-0.54870291264633764,-0.47609395372513497,0.47480599062225298,0.29384502521433559,0.27486548003535427,-0.59697449952172077,-0.29188716070427834,-0.86691000476242852,-0.72133140387179195,0.23960509699295529,0.21299424881074261,5
0.64366581906039666,0.52303275910993074,0.50953694801133942,-1.0,-0.47567310314808126,-0.32094753748798149,0.39317214581201509,0.24720332479658139,0.18193627549137409,0.26494612475260659,-0.60167180252088981,-0.24931367539488702,-0.99058002147150659,0.16172372904821725,0.58449761930391997,5
0.73914681442699592,0.73642925434590689,0.53902279838432954,-1.0,-0.55815568391589299,-0.45128093910079187,0.50238503373050281,0.31601509017305951,0.26404136405317491,-1.0687248850716238,-0.38582969904538977,-1.0033935487473691,-0.50615055997228164,0.32672140324011356,0.30056529999049786,5
0.56557070661013331,0.51531200739169258,0.89614551693244748,-1.0,-0.52637248879370901,-0.45496789684500188,0.40783890426938924,0.28154463537852681,0.32700179302406185,-0.053263117237498658,-0.81271278502698285,0.39770315612263785,-0.94994829803704917,-0.035369564418960671,0.88721482471317326,5
0.87849989016925811,1.0,0.80885057675981509,-0.94173983768797398,-0.50403405346679264,-0.58598084789332772,0.51788129697580587,0.36275666272869556,0.34384865884657573,-1.1369488849784095,0.80664300037984304,-0.41743848540994,-0.18757091383698823,0.99519547755593618,0.58859117585119913,5
0.81183215690650889,0.7462164540813091,0.78598838875601418,-1.0,-0.56729727878906244,-0.54523895879251183,0.50831397503915043,0.30750406707537348,0.31947112546056827,-1.1420933596739267,-0.18805525297715109,-0.073000112362270109,-0.34716314894560585,0.37344779777879911,0.6303851770353931,5
0.76278046876793459,0.79842795160808988,0.5907026927756478,-1.0,-0.41807304699157499,-0.38099951791740327,0.48184499625410548,0.29339035894869053,0.25811841404726904,-0.92391745190330932,0.51724310054746869,-0.72127708887678832,-0.31900990964692427,0.89093860009430048,0.54092442564844379,5
0.57600349136549955,0.67303067466587119,0.52104486846611942,-1.0,-0.51500034987312493,-0.31862300986642222,0.4562655226253704,0.31635170850694566,0.2253260033387316,-0.59164997297882449,-0.77160890889488964,-0.6468291930678034,-0.76892198802034328,0.31379062606738967,0.55370602485630449,5
0.67702977443179191,0.77282658796374049,0.72747980319504346,-1.0,-0.59187357746961999,-0.57144720246113401,0.48814342302347158,0.32270320000552133,0.28387906641664079,-1.0352698887741763,-0.26400699249225168,0.12250474380366105,-0.46277816469103111,0.37058632374590661,0.56259802910241685,5
0.64955794246235232,0.63563124089167167,0.62172289091596078,-1.0,-0.54715928104927947,-0.52058941005019699,0.46055094309358929,0.28508516740534057,0.27649757714160172,-0.80029047448000634,-0.49837500031608073,-0.29739748476036665,-0.68821270331609008,0.091623373921849063,0.26986392837158801,5
0.85936399588276724,0.75828617722815683,0.64754443508709703,-1.0,-0.66226748223335252,-0.59553482164403682,0.53164333740637437,0.33464940212676364,0.33613860502997572,-1.1280580651142931,-0.30854347859229003,-0.83741895286657186,-0.25081168681857774,0.091678287175391254,0.047739775622772186,5
0.63083971556955809,0.67390054718859549,0.96322315363597932,-1.0,-0.60531729355677477,-0.4792364309703363,0.46745805328312512,0.33089341739483585,0.35052422293811064,-0.66064208137010549,-0.86550397229253573,0.81648573462032425,-0.82391908384395629,0.26352804401528696,1.1170443795138709,5
0.82663687028714061,0.89262967305958218,0.80983185480086461,-1.0,-0.49221290392330891,-0.54779479466278902,0.5321229573997156,0.3502091659288904,0.36614391978615995,-0.9777671382423665,0.088299899702747098,-0.70557593230987292,-0.37598492192385424,0.78204762909030978,0.59757595477458003,5
0.67575588481334459,0.7069517103871793,0.50532992315575254,-1.0,-0.53791165360637805,-0.55834774783254271,0.4883250767481207,0.30442093592740893,0.29104421228507649,-0.97617408945525819,-0.49065154082275209,-0.91959959974313543,-0.50581332178948002,0.11891111234523162,-0.035339176274024463,5
0.75304787899939118,0.51772921457717835,0.46108035306003958,-1.0,-0.35621016017971174,-0.62969509132600754,0.44221349384619774,0.22026835251962898,0.24772631680098614,-0.44365990226068641,-0.37370245765269905,0.084003293508387422,-0.53234132869496731,0.35987564156913332,-0.36321956931243732,5
0.63605420108302346,0.64162974001019568,0.66671752622891778,-1.0,-0.39290723001950012,-0.36412119310829166,0.41299065152187719,0.2419499003429941,0.25058273876190285,-0.40236238193624763,0.10871250611374705,0.098452334945578368,-0.62606988898885729,0.56883034682684575,0.8672864733421396,5
0.5989347555837824,0.58918264503219731,0.66933398768401353,-1.0,-0.40638876008364622,-0.52995458637880055,0.42383894483348766,0.2383006330394643,0.27254143427151017,-0.81205021972656821,0.08233024815630996,-0.20571599161446841,-0.58315400907982928,0.56750464742385465,0.3430443221020108,5
0.74650737606839901,0.59947265996204224,0.93132212445760298,-1.0,-0.47683638806873097,-0.47563180422568002,0.40005393494425057,0.21666619494243031,0.25828243550171548,-0.090089090328838939,0.51137631767083569,2.2495540893292496,-0.48609842201564124,0.18687430088510817,1.2286396291907604,5
0.67560142203784057,0.69057917489496834,0.57194764634476114,-1.0,-0.38619307546703774,-0.60137053169559385,0.48483671735027489,0.27708277460114722,0.30119846761543795,-1.0729461637857653,-0.22378764650069982,-0.80430901470526539,-0.48271435573067922,0.59190887921267443,0.10214424178009485,5
0.52409203880381616,0.62656997651512625,0.73985956006437326,-1.0,-0.35314621044871553,-0.43411622763706187,0.43407816950491357,0.22911734572407214,0.30697113608958926,-0.76985291987762361,0.29108767603496233,-0.13481797502644,-0.68543077327763524,0.79283487733527558,0.82791609742663119,5
0.7254558640799299,0.64511395482794609,0.72750127091791605,-1.0,-0.45237017486437736,-0.49324846619358331,0.47315613927818834,0.25396367332259834,0.27579811421115963,-1.0301133311743891,0.13306103827552684,0.070993491563436706,-0.33362501549350088,0.64718939984794654,0.59091731971576766,5
0.74346030705509958,0.63101671598253894,0.76351631053008207,-1.0,-0.59950937417420957,-0.74969123235998292,0.53726565000408022,0.33894961085487563,0.34083681276213873,-1.195932994257106,-0.94420357799244892,0.018402549250823519,-0.37075017134782484,0.19373012383652796,0.25161941826733691,5
0.66040864985951309,0.59114583959255185,0.60469819950823567,-1.0,-0.58581478801979547,-0.5209228151221118,0.51689155400256825,0.29545020387805337,0.29674360102595393,-1.1367723542445398,-0.49027232310723967,-0.79334314690345176,-0.59628174253361166,0.084127511415095405,0.22422590222175937,5
0.72126211542601781,0.75238023573478496,0.49178021775891018,-1.0,-0.37572608947387132,-0.49848981750306753,0.48709105442822881,0.31375661274777111,0.27948726083596831,-0.9611449167847832,0.067155799480086209,-0.99807224402494832,-0.46135427240856786,1.00881075808707,0.093528642877220472,5
0.70034600235789823,0.76221571518480546,0.58538812245706007,-1.0,-0.39829569461967806,-0.4553668777349994,0.46614606578006612,0.29105693592891485,0.28205117859575418,-0.84421454971121568,-0.052282464478220714,-0.46481779104446996,-0.39896031733128884,0.66425893851092344,0.61417783382336144,5
1.0,0.94339924964363397,0.67196062350080032,-0.88480569900526151,-0.97610182627861464,-0.61858348575070676,0.49216746890481078,0.54138836894562992,0.31480164433501107,-0.32578378800767327,-1.0530007813249542,-0.47741448736817382,0.40494201791963735,-0.30203577946627003,0.12508993968627444,4
0.68398594158198711,0.5638155193052049,0.46797865462075477,-1.0,-0.75853749639583756,-0.57762492245589825,0.41514688093589097,0.42231791106193867,0.30175789242891093,0.056679405852407161,-1.4308125034874835,-1.0770668285864304,-0.45934189974994716,-0.27736442403483047,-0.19350236394133422,4
0.8168389355635618,0.86376031137888742,0.45351024853945932,-0.59828594351814479,-1.0,-0.4820355404571664,0.3288051100430241,0.56180164606286065,0.22055842445834745,-0.12149547996949739,-1.2924148040270915,-0.21963172263011055,0.6438280751967298,-0.3121743283815302,-0.29216625556259929,4
0.92045105211335998,0.90248144006391828,0.97112387300088054,-0.89314318216582833,-1.0,-0.40119757811212142,0.41893694610485382,0.60476668317478577,0.35479917672487538,-0.36399184395132833,-1.487093820294429,0.24390480931650105,-0.048777516946926738,-0.085736431006919842,1.081554655039709,4
1.0,0.87177985861470964,0.70070425151542626,-0.76828802534651586,-0.96533430027358658,-0.42612789469069556,0.43978432502707115,0.60649868696252363,0.30403880066925915,-0.11848390918394536,-1.5938209927062934,-0.52094717614930008,0.6715800637112922,0.0069378454678402602,0.70282151069302878,4
0.78271652733585795,0.91346856804107868,0.62433481564952575,-1.0,-0.62633706591266147,-0.39967490438109998,0.46444296874228391,0.48163069128622515,0.28252212797923798,-0.45311669763656415,-1.4454775587036908,-0.82861094993929196,-0.11297491614668544,0.34414086343005401,0.60970036836887131,4
0.65617796971903475,1.0,0.98012027016847869,-0.92562081000326413,-0.71844351821628538,-0.442839028799558,0.41714637344679301,0.44115702021477032,0.33012074857053547,-0.1189125138694509,-0.81201149483285917,1.1563219534259233,-0.53047983993429315,0.078153024323507278,1.0701093700298874,4
0.85339288276112046,1.0,0.80486110586760728,-0.67409272696612543,-0.86151863625266489,-0.50662065806396406,0.38003007910998626,0.59047503887652164,0.33334144667702076,-0.13288877895747753,-1.3453567290152153,-0.415952369635328,0.49183667866784597,0.19351308696737635,0.57309385350645581,4
0.81857298003050538,0.98995480619858289,1.0,-0.72048248362404732,-0.70686994138708503,-0.6678467158432182,0.33929088259002971,0.45089629319307789,0.32666105338257712,0.7270815683742029,-0.85373719565846562,1.8207490695078477,0.38192296104022949,0.36895655377586689,1.0327948054972309,4
0.55952113931281167,1.0,0.8507193975662205,-0.60463688192270004,-0.82701960162730503,-0.4098696979756381,0.26807228615357864,0.53903111938321435,0.29023290375931116,-0.11883520388876834,-1.2756848737600399,0.8689788892628334,-0.23347828080150998,0.10543389479012018,1.0508490079355628,4
1.0,0.81250597707265948,0.67121224028731619,-0.90208679135589853,-0.65166425374413306,-0.3843676706886251,0.4377142802209486,0.42763309186772386,0.27616634969875586,0.2751620467831426,-1.3748283732628299,-0.33998404226551182,0.20256202328685569,0.23576940273093874,0.73246107650153136,4
0.90099487488694607,1.0,0.96706916522539388,-0.98795995112895274,-0.64972364586473719,-0.45010234358884849,0.44401623376358995,0.4236488687267026,0.34196235080826087,-0.17551260254634649,-0.94408804572689897,0.39017385356242729,-0.16709062901892924,0.18443285869504097,1.068698845384934,4
0.80538762840266542,1.0,0.96242961190798193,-0.64380221416023398,-0.70310739253520771,-0.44403076401308816,0.30452330810215,0.45129716553369453,0.29890092679345592,0.94052930196311557,-1.0238856176510671,2.4333988731896028,0.2162207508255557,0.16159371954083207,1.4746695309483373,4
0.73626811665398784,0.97042104465335888,0.99973706347624558,-1.0,-0.73115442233968608,-0.56091565539033905,0.40605158498545008,0.45813818060106198,0.32905599330485968,0.55740052470139823,-1.2242460691299983,1.4669060664243423,-0.87141117200691509,0.22727573192561026,1.0840369024337158,4
0.87881525206130062,0.98915263810902554,0.73096106354378776,-1.0,-0.58740679816878683,-0.40622793581052308,0.47313479296172645,0.45756043499180016,0.26749076537836847,-0.13107629087209283,-1.0978598212047959,-0.25264563936082807,-0.25323076280805279,0.46151791626212313,0.80587589293922357,4
1.0,0.97707800639518572,0.93190328282394896,-0.94841979418713063,-0.81914780430044776,-0.81295968973624166,0.47732753900167257,0.51092076794708574,0.32965375631421462,-0.29184123925525807,-1.2511481999990477,0.80093280326788108,0.32609320598895519,-0.016461544442702938,0.39197793741735182,4
0.78861359149961163,1.0,0.95878883005636972,-0.94959931728939662,-0.61162104573020815,-0.46322502369533158,0.41498421488976217,0.386026704875507,0.32671510710288765,-0.079494469137587398,-0.72092663716222294,0.7907112760849091,-0.11341728934033746,0.17443364793494498,1.0027167899249469,4
0.83629688601212115,1.0,0.77824993486792449,-0.81722330804513454,-0.7666766656944427,-0.79479503895987957,0.40685857029379963,0.45417792309473876,0.30972282478474128,-0.21954068138979332,-1.1055122268010038,0.64648201598435051,-0.0057699413715084002,0.11106026778377161,0.29496810870434226,4
0.60005371418900777,1.0,0.74558053633249832,-0.55023932246540774,-0.63065792523426389,-0.41265925705182688,0.26249334512006595,0.4271844714422523,0.26290985232601882,0.286803400017281,-0.9900980998914819,0.58086391787844782,-0.012806300940077868,0.19395785504213864,1.0176688244490908,4
0.60957095561113417,1.0,0.83922868272846685,-0.84337270813466003,-0.71800834877737196,-0.43810726559548008,0.36643621753434225,0.46640132629237091,0.28708850427012517,-0.38649628906910394,-1.2300669205941566,0.6836139592799273,-0.35557919685417633,0.11838345268768082,0.91646315961793379,4
0.84468097500134209,1.0,0.61289143567245807,-0.93607849900688378,-0.77972010000833791,-0.4959127474081324,0.44067981548293139,0.53342201639633313,0.28853085715888244,-0.5143513693795625,-1.3938081144505314,-0.85249374218428509,-0.25756080772217133,0.032568095177472077,0.29357043654832199,4
0.87095467590635089,1.0,0.96495268528323341,-0.71372351292595393,-0.69869468256670642,-0.53032519747205842,0.35142811384580808,0.44455706624289359,0.32085456051726713,0.34836505586198552,-1.0521130927426448,0.62184949064933948,0.36964989354599687,0.1756961601676342,0.96668146057641857,4
0.73701024163361017,1.0,0.83639837164595654,-0.84269966833933319,-0.63999245721560338,-0.6116882440926944,0.33258214838248057,0.40305533608561733,0.29063209791910877,0.48700845517311286,-0.64643761477453276,0.9596429457927167,-0.23447283284105955,0.28986663792441186,0.69910403272030974,4
0.62857485251433343,1.0,0.93855235693984718,-0.76415786911048134,-0.72168143096010051,-0.71463080459423045,0.32766381933625827,0.44453416840188015,0.31504728600998716,-0.17474250802177238,-1.0359209131289073,1.1816573195985951,0.16319494269379223,0.18121755553704041,0.87994844963882268,4
0.88363226781087945,0.60346167387410377,0.84568135880413142,-1.0,-0.73967522348198467,-0.46762474383557223,0.35629955270839808,0.35365756833645151,0.21846612186080802,1.7993088711201271,-0.5577909985374836,3.3949568085281907,-0.020363549934005822,-0.55410851739367484,1.2276693998293073,4
0.91226544351296202,1.0,0.9524439755520514,-0.84409580026192432,-0.76269507247034429,-0.89363075228238398,0.42604797428032049,0.4942406832640085,0.37888946594410283,-0.06080824209504021,-1.2791259278038383,0.3229937312018456,0.19732848412080325,-0.023237148476891852,0.014896719698900949,4
0.81410055747621179,0.79488466088781884,1.0,-0.84880126502446729,-0.72344162151462277,-0.57438233385045268,0.43617486446147968,0.40212525018364609,0.36556733035419037,-0.684815387999961,-0.93564348453646762,0.1015736225235262,0.038233918730937289,0.01635128901501404,0.78581616898516404,4
0.60856608253900291,1.0,0.91093985685205325,-0.57879678026136083,-0.62388283354442797,-0.57451245062069745,0.27823785096026138,0.44146118798188394,0.30925877234291232,-0.069823120798512051,-1.0744299724285291,1.2292945734260678,0.24180028397537953,0.27537219660434464,1.0022586391194128,4
0.94271997434175558,0.82113628706394282,0.84108618872532936,-1.0,-0.95157777385434161,-0.68775427913671738,0.33240400771111173,0.38510436951479332,0.25510687753582334,2.9529348189347342,-0.24048369505702816,2.1223801525574073,-0.028974371169697456,-0.3337579795757577,0.74543894641153052,4
0.55082494136358995,1.0,0.84384414533134011,-0.82444254896644198,-0.73593655014747061,-0.57077199270513268,0.2838384844902706,0.46704789538949004,0.27581904946367003,1.1871534044465708,-1.1603004800659484,1.3635253259343747,-0.72023120986958722,0.20438467185475445,0.92746490614442756,4
0.95714759826421281,1.0,0.94005022010432249,-0.88842871187310957,-0.85264469589284708,-0.59004740226804508,0.45770906074818085,0.51825652370195752,0.3502929915937909,-0.42762150242735952,-1.1949913953041522,0.32625477761272981,0.28233125492949718,-0.17620380920187981,0.82643925665355944,4
0.8389759675189371,1.0,0.88070351219805698,-0.95406843887629555,-0.91656845522670172,-0.47794984218587927,0.41040782084791066,0.52562948238242457,0.25730013955142933,0.22160508554887626,-1.198939270864039,2.7238997480751062,-0.11537745962965941,-0.12027032167136216,1.3431512384440705,4
0.96518823196960646,0.982359257747496,1.0,-0.83798800590285405,-0.93154447549373609,-0.62412006656409924,0.40565362270453337,0.53672127367688349,0.36139731341021558,0.28870889718012949,-1.3023226199835234,0.39094466983858744,0.32897931515944256,-0.03151597448643681,0.75075994005989999,4
1.0,0.801778112186182,0.79787885794304902,-0.98161276290574795,-0.70543844729997862,-0.3914041364752045,0.48058373672741167,0.48795192926809966,0.27933713953380995,0.028039776474447997,-1.5388790389574041,0.41910634629596633,0.15473352682777794,0.15649982883848593,0.83620975920332785,4
0.85071504474630955,0.8877155696672514,0.89356779802066377,-1.0,-0.80256315054988681,-0.59046820387417265,0.43774008585587443,0.49821588165404457,0.34922164438788267,-0.41289738915532448,-1.4356245322077785,-0.13338284737338491,-0.086400614818766389,0.03200777354973524,0.6758793538813318,4
0.91825379113126837,0.93759937258936765,0.93296061913930295,-1.0,-0.85362646119472807,-0.58610946146833742,0.48007263417059387,0.48915395855560201,0.37866082540435442,-0.24079311355087984,-1.1219243128870511,0.17252800306044369,-0.034723900886812528,0.018858065441216754,1.0051752524330744,4
0.74905239916261601,0.99220948577062074,0.75546655707238652,-1.0,-0.79943764635838055,-0.3916264024191089,0.40272571539518548,0.49710291875118068,0.26782369193729699,0.1166594324055783,-1.2888718804299328,0.93828962980013619,-0.35550880529355483,-0.017215846166713879,0.94862487680506036,4
0.76165432265292843,1.0,0.84539036767772469,-0.58008789690213658,-0.91532112099519247,-0.5339757450797139,0.36644487217252281,0.56237920479962111,0.34118779548102085,-0.41388482221550316,-1.4830413212506963,-0.30022169089051864,0.50710577153366354,0.01315761581543843,0.61129475790858423,4
0.84386698793175408,1.0,0.81418204183641241,-0.77457567392200433,-0.94584698124812272,-0.51559535682660118,0.39060860798973912,0.58100631092725685,0.3244808618283222,0.049290980582738175,-1.4215942698734827,-0.17473552838382389,0.22116655384116876,-0.01205878568588243,0.81470721206445773,4
0.71476687884157442,1.0,0.62465351781136536,-0.81603276754804532,-0.77584539050121271,-0.55122077604198538,0.39763024598881569,0.50083728352063572,0.30126391295252009,-0.54410548507247647,-1.3270931655074434,-0.83263129880632603,-0.12528171898680535,0.10913735621150966,0.42695344783828548,4
0.84145917251616043,0.9200163162635755,0.95849323838174372,-0.84227725184266133,-1.0,-0.61877956614601926,0.41160551066409856,0.51843602044512826,0.34030617211483144,-0.16084708310627427,-1.1331895585440765,0.61014006027337997,0.27995174083540797,-0.20707426213632057,0.67510619098239733,4
0.97888166559251255,1.0,0.85672093479418299,-0.98579174489309829,-0.955287639756774,-0.73313111216969717,0.46179540203668146,0.54092541173947695,0.36260714079104872,0.070383474619457154,-1.1863608683207914,-0.25614110554706437,-0.028087998233823103,-0.11418298746407295,0.29999431756625916,4
0.98455091111986603,0.85683125298515828,1.0,-0.84421710162854802,-0.75014251723963343,-0.63366356246877231,0.43718730109562648,0.4849390192396848,0.35099127964331406,0.056892138962743033,-1.3247063538890256,0.48261141080919501,0.27767345050902531,-0.091737445360724895,0.74837029309499237,4
0.41204628581924224,1.0,0.60235283980235776,-0.64040054512595268,-0.90367098338091478,-0.52664972029415047,0.29202420579522881,0.56770921398225405,0.30988697345020383,-0.99821449149509123,-1.1071583817150754,-1.0668857336244673,-0.41376296472583074,0.086558155662859654,0.15705813415551098,4
1.0,0.70965625794341347,0.51380931896838278,-0.90254286999198341,-0.68088594724595741,-0.43697280175195047,0.41313896379844622,0.41173313736275741,0.22376723366743462,0.47727948130871134,-1.1130925897153028,-0.23546204283112182,0.41295018375226433,0.0087861046470433281,0.53122770356000659,4
1.0,0.22115696314602515,0.37030756378483221,-0.8265513839847467,-0.23546505210493718,-0.24829463660161222,0.49726758637707441,0.12123146184745234,0.13446582616870409,-0.90952649532736185,-1.1821171173495071,0.15457067550024517,-0.015864517829329454,-0.025404450307524709,0.54244733728773831,3
1.0,0.24830278500456632,0.42099090920464122,-0.97559578623984389,-0.3658135399708341,-0.32033889362415019,0.55171551142562369,0.15384067284174194,0.18739089904242501,-1.1269460223955403,-0.57467108172749448,-0.84544373150736263,-0.065535873375666825,-0.48550496628222661,0.11436947774380686,3
1.0,0.25471837616229692,0.32987323603547852,-0.85578564083362507,-0.20622003532677272,-0.36658648954441503,0.57008215821347108,0.12706887680772982,0.18230310077172646,-1.3402548156847578,-0.97011754142482642,-0.83964761929027754,0.010812840333560439,0.28806903638482495,-0.068337930815871403,3
0.86564308520084099,0.23366476569990066,0.29228054040851931,-1.0,-0.21646909700867234,-0.42038410603613813,0.50781108154080823,0.10347001605540476,0.17516894837292529,-1.0838348927849977,-0.62662945375348977,-0.51523615941520484,-0.16743818473800978,0.15686299586749902,-0.55664354005551875,3
1.0,0.22987546550537416,0.37375516155863325,-0.9704628250050239,-0.27023925100794466,-0.37096582543048801,0.52435881088931746,0.10355809081839054,0.18834655145411155,-0.82769970710748453,-0.42291263048101024,-0.97553281037331674,-0.22146398565416012,-0.27117359106141681,-0.1507613015292619,3
0.92558141292885465,0.2224897412540805,0.33637599484952369,-1.0,-0.21620031421937147,-0.42099096272834136,0.52966809239296531,0.1061423548081001,0.19659497083632582,-1.1122503095095506,-0.61022956115664995,-0.83260583140898969,-0.053840103455089369,0.19492102387116855,-0.32532160562861712,3
1.0,0.24551576903936603,0.30761204642004608,-0.76212162229661928,-0.24830925977428842,-0.31024643768264831,0.51969580098334256,0.11641499528272098,0.15757052421280268,-1.2966039973822658,-0.65736885685433988,-0.93739419322548256,0.064946028147970958,0.15536444455850934,-0.11452712677325359,3
0.85253272593143037,0.24411771719656636,0.29535379083866231,-1.0,-0.24469619519940181,-0.41722649029241599,0.59482691769889195,0.14049326342149401,0.17540843092318034,-1.3539687224983805,-1.1631538319138204,-0.61164290949676836,-0.22908366827115573,0.080686642497383804,-0.54446033761721224,3
1.0,0.19945204261945598,0.37862139156980096,-0.75809761640391082,-0.16316390764344385,-0.33675122623825832,0.4730688964537807,0.1018411510269753,0.18443082172922473,-1.167733677415933,-1.1652749207071884,-0.95026729860502179,0.15125316016258894,0.29875843769059252,0.093811698394961354,3
1.0,0.2584340966235959,0.32322728777850129,-0.91243691302275298,-0.22853660045338928,-0.42605715034258929,0.52514149792302778,0.12060162530618773,0.19653253406335291,-1.2150845663554046,-1.0881265790778605,-0.91774296873291128,-0.024707272612938154,0.10792065268462159,-0.40846979657328397,3
1.0,0.27923647088804432,0.3196593237442415,-0.84727914697026752,-0.28827125110253154,-0.39146614997707829,0.5453160366167541,0.12955702510268377,0.19524429862342144,-1.2443630758074595,-0.5923064818620607,-1.0530639531912604,-0.037503943648559475,0.13655951369494457,-0.32786556354748875,3
0.86180246920425974,0.22300330206857547,0.3741949301741419,-1.0,-0.21349356637268735,-0.4734621537471963,0.56636035954958497,0.12653721573794993,0.21169784489480284,-1.3734335410331753,-1.2668387799171483,-0.92091636341885907,-0.23376002246929192,-0.23149596429912986,-0.39461251795707469,3
1.0,0.27930061234102688,0.38827922750824312,-0.82602882713141779,-0.1768599152143194,-0.39063966085727747,0.57667835195316686,0.11291950184898428,0.22333828584255982,-1.3818608042677134,-0.5757322943601153,-1.2486228395438401,0.14387635869097429,0.46859232539886253,-0.22169415440954582,3
1.0,0.22511096660572902,0.52288748179656874,-0.99789911406036325,-0.23191194777420293,-0.49233308763223749,0.62605469587193363,0.13117989034883157,0.2858303384033361,-1.3479634919524086,-1.2409233153088752,-1.0752917979004015,0.0057080723590148038,0.073383793993301,-0.065842067208226884,3
1.0,0.2099643054826211,0.38224268723654897,-0.9427521679274472,-0.29314743325905845,-0.5076631445237656,0.62598244169534734,0.14425968419350177,0.26077111053249735,-1.3995946782503286,-0.85531739685176067,-1.1379847648963992,0.018373634855618368,-0.36882483453904313,-0.35793579497850903,3
1.0,0.27501149453854085,0.3448446994644167,-0.95699489269692939,-0.28362929181216062,-0.37944636710449464,0.57338415857850211,0.15555544394147047,0.20899403552477686,-1.2319531217899395,-1.2182763245332893,-1.1083539180081574,-0.1450305609506371,-0.059823596304033173,-0.14222888183450888,3
0.97744479057857814,0.2832484905715385,0.39725682575958493,-1.0,-0.21955135612130039,-0.43842079402585615,0.57454397291682457,0.14467125578096726,0.23646576964370389,-1.1912588326382161,-1.1908112131075257,-1.220103460970599,-0.2491556146049328,0.26325660265077316,-0.19871630314362715,3
0.94067264333025302,0.28314392354427836,0.50544004411584631,-1.0,-0.25735888082467034,-0.42529508198165422,0.57382665972651847,0.13127859430117592,0.23989320366698877,-1.3398143953280424,-0.77272077165369923,-0.93987770182092589,-0.017210419691737415,0.30466158077682165,-0.14488897459840744,3
1.0,0.30473721822156635,0.68504454752652333,-0.98595917780531017,-0.28037244861283184,-0.61397147436032984,0.62663124678316018,0.14626980887907473,0.34343836362126201,-1.3742719093502185,-0.54108166404918867,-1.0551274632251295,0.096741855432424501,0.40189855229598437,0.072851809876203183,3
1.0,0.22952453994436392,0.44394811382217625,-0.77778895201849052,-0.26671989491938369,-0.37513500183208964,0.53896822956833279,0.13204125297844438,0.20442285458813211,-1.329579215172332,-0.76902679667190466,-0.73775385804748783,0.13577133515268577,-0.10677875842063679,-0.023705101268968336,3
1.0,0.32121237283867488,0.32157249966830431,-0.93887952719589363,-0.18767301205928463,-0.45426524649733768,0.58899596827116429,0.12869823523384902,0.2447271946804444,-1.2943688144085628,-0.51926794584618419,-1.1854119515103061,-0.15446432371345833,0.61882761316523538,-0.50383568117469946,3
1.0,0.2081307897828501,0.41353835173544784,-0.78420273913281724,-0.16114291365997807,-0.37902720287412472,0.49286551222959679,0.10258490853205138,0.19033582660332182,-1.2541800003101824,-1.0754206703318352,-0.74448538218837967,-0.068784734342768494,0.20501290386918222,-0.15129684841621699,3
1.0,0.25587918640074542,0.34133897233125249,-0.95796436037445254,-0.17840862457695444,-0.4142249516002105,0.61231133791968384,0.13752980023142511,0.21047847386824217,-1.2906154632492099,-1.3006198974038912,-1.0659660207452204,-0.057358353545782496,0.46917052891212707,-0.25439931076975975,3
0.95077112562921695,0.3490628681589375,0.42519331691121331,-1.0,-0.23538502731069932,-0.48063082360501236,0.66118124789291488,0.14984214047588193,0.27909283077902536,-1.478165084911975,-0.87177750756787464,-1.5154633544280809,-0.070300050721322921,0.39514725712626775,-0.14139598569358222,3
1.0,0.27115114913815952,0.37332038765803727,-0.98358957600818653,-0.21823936721203993,-0.50010421478090294,0.61664355071024113,0.12598370916313742,0.27044104693805893,-1.4189462582818253,-0.9619689864879768,-1.125947894584677,0.090241801745143777,0.20638750260351843,-0.49965732103026217,3
1.0,0.26147481411080675,0.41123228402788486,-0.89731203326343456,-0.23924675907983542,-0.34053422000449179,0.61561952131893161,0.14729813795742622,0.22623840808376092,-1.388100365440633,-1.338969919687343,-1.4161816177124029,0.06126418301468179,-0.02434491713967674,0.0088471682974195238,3
0.99495678620238304,0.23759889126292086,0.31311585567519029,-1.0,-0.20015626613189702,-0.49526826852576133,0.61779777535483016,0.12152269441010694,0.23118475788416154,-1.3800522023914723,-1.028691301891421,-0.99611195249083506,-0.032369646455447161,0.21647964489103913,-0.56197121143210937,3
1.0,0.27366982378814808,0.25127679922479096,-0.90481269694345579,-0.20596375969237501,-0.31380515998633252,0.57588371285126216,0.13618910061087075,0.19870049632711115,-1.3226553486591548,-1.0814909342315369,-1.4533109459452023,0.14448455601455951,0.23411342860266765,-0.36485867569129704,3
1.0,0.29465079386479359,0.36302517987228061,-0.90857230169109149,-0.17285625047748729,-0.41251578516890691,0.58284049699935148,0.13983935544651763,0.22498004170452432,-1.3210164470462287,-0.75327319700207385,-1.2082574896599003,0.12208755204410769,0.65965448522991343,0.0079759703750152105,3
0.86048213743032942,0.17893994046075293,0.39418816120465938,-1.0,-0.26624560655409052,-0.38486904388752147,0.53113291344375035,0.11468039878597047,0.21497461536736751,-1.2097469663426008,-0.90398557907973043,-1.2049549533212391,-0.058628324463983243,-0.18694716597970068,-0.079792916768405886,3
1.0,0.23448984386510521,0.31594200590134952,-0.7967052789602157,-0.23545827045064488,-0.33869923425809051,0.54717394236957173,0.13289779305598357,0.19390842128948382,-1.1543434657270544,-1.1042703435795695,-1.3510799698601441,0.32931946887455826,-0.026295383813470345,-0.22172093039590654,3
1.0,0.25358158278399101,0.36772627979405093,-0.89642786219055604,-0.33691435103337708,-0.56468354491690853,0.62538780159039653,0.16042520144769559,0.2496680000397202,-1.5058661205881794,-1.0444593567913603,-0.96489090421011392,0.066177333330312088,-0.17356364010635239,-0.53078238207707784,3
1.0,0.29675540434117031,0.35138946651210945,-0.90993907672704422,-0.34258833210926365,-0.54109445098264786,0.58732248983406787,0.16600727385553593,0.27034296216324294,-1.3581285511231396,-0.79790989802979073,-0.85883816252381884,0.13514440629749028,-0.14168831303480098,-0.65514298466367049,3
1.0,0.23111790664820334,0.32302987705090008,-0.86121018841005437,-0.21741901305022873,-0.401275299679689,0.57736727268882293,0.11900419633025446,0.22763844245914844,-1.3349795340112405,-0.82647580129510123,-1.3530870218510864,0.15845997654585983,0.38639114179656092,-0.31822188500286969,3
1.0,0.24979809480124832,0.3135927658145421,-0.80488504099535585,-0.19060096488569628,-0.37994544873737585,0.56063504405375375,0.13594502582093987,0.22712486541898488,-1.3390661474402008,-1.4264403497262279,-1.4093913549603718,0.20857696170375167,0.25381687639098921,-0.19742967850746421,3
1.0,0.25509889659575885,0.33653273443170795,-0.81805186492311732,-0.17556548077579787,-0.37364377530388476,0.53029974610575548,0.13835712041146397,0.20985962439101688,-1.1108771191185329,-1.3961119320723789,-1.0698272455468896,0.23201250670887502,0.36594583076939136,-0.2885051718724127,3
1.0,0.28211625218025177,0.54495057526173707,-0.97024089806291935,-0.24154156301301613,-0.45474092070933708,0.59996093870607003,0.15803193994119166,0.2850804017561504,-1.3320795969338906,-1.1984904800611644,-1.1583104314646593,-0.026532452204005789,0.21703948083221525,-0.23293203994805275,3
0.87467888581465003,0.29845751017099453,0.41984875759732371,-1.0,-0.21110075088389652,-0.42098516880615927,0.55473610599649259,0.15923206122324157,0.22857182019054323,-1.2480453777867688,-1.1891647763876396,-1.0393787226989051,-0.16174985684241405,0.43942675046704482,-0.10005744667130989,3
1.0,0.30368128748796686,0.2938770271270949,-0.90353121220349031,-0.23004961370424312,-0.39169846715868994,0.58429883926070192,0.16329857991263674,0.25262742247292136,-1.2930844561503103,-1.1683267009076264,-1.5663956049269605,0.077956720976161895,0.41957659480226145,-0.32729976442675285,3
1.0,0.28759876604637274,0.42992138521245893,-0.89417653497860472,-0.20832222111652901,-0.40394964673101802,0.5847386828593425,0.1339723205233061,0.22899660025917132,-1.1535725026813159,-0.75114835715432449,-0.97062931957075227,0.33994505989236246,0.41638653940720294,0.1638678104979501,3
0.98389050295072011,0.30552195873829874,0.40359891935660497,-1.0,-0.2509075384467831,-0.49254235533069002,0.56150916575111021,0.13951755666851837,0.26675549372574059,-1.171036353321115,-0.85140419389627153,-1.1172805810778716,-0.065958679316492422,0.36612206228544142,-0.17889593184218544,3
1.0,0.27009272746322105,0.33439093883659066,-0.75064276886189363,-0.25584101426283939,-0.42009407187699643,0.54438746667210181,0.1431470827323994,0.22094867511572699,-1.1051988935492252,-1.0531198981919885,-1.0678077828368784,0.46265031369321408,0.12525542500900438,-0.34396961697273026,3
1.0,0.31696885594777713,0.29233294427920115,-0.80199923623474489,-0.20786427210123298,-0.37525974293741238,0.52950563162447761,0.14630420949054282,0.2048659512326366,-1.1695516506419354,-0.92897673660420477,-1.2108661766732856,0.10738791898640716,0.49820711073539492,-0.2895882193361296,3
0.84973262657820536,0.29216601724763341,0.42219647948576949,-1.0,-0.34375758143090612,-0.428281126283724,0.58341831138412192,0.1691318493419012,0.2376998993084149,-1.4040263172936851,-1.0523362809197148,-0.96294069538680382,-0.20049138738839059,-0.085876891248410428,-0.18129571132729747,3
1.0,0.2381259363634845,0.23878661216033351,-0.60938605187384098,-0.25411303752137276,-0.20488398839326971,0.41269061535092405,0.14070707843409758,0.11474685529424776,-0.5454592928454316,-1.2509327690687575,-0.95302116296173445,0.41880400491237296,0.085790182100625625,0.2243194068486786,2
1.0,0.34362060113739856,0.28934606894048914,-0.73226673913361295,-0.25472188946096114,-0.3968614473839232,0.51297096375051943,0.16342736572412256,0.18838649100849975,-1.1032100841176438,-0.7681343931158171,-0.88149752709662188,0.34079852105026343,0.38814671368102288,-0.39320847062133685,2
1.0,0.36908730460357619,0.3201057626529703,-0.88894766315417184,-0.36969383433826991,-0.39440177708558583,0.56828118851115594,0.19053461001132688,0.19479134172099416,-1.1645002008123715,-0.733374899691702,-0.79477819306540365,0.035452056962463591,-0.16898382854519567,-0.48169513612612852,2
1.0,0.32784388706977413,0.37521159932288223,-0.85589949090886319,-0.29200236772008287,-0.4718292986568825,0.5227291970966863,0.15831243077084259,0.18236769535596775,-1.2140085116067452,-0.53982352760934083,0.74306017527157664,0.095461554225116277,0.44779264355872739,-0.77399055398089878,2
1.0,0.19749022616790532,0.40825315205422674,-0.78631631713316452,-0.23029681292000453,-0.39910512075676863,0.54705854343017668,0.11837100209396534,0.19563691736364616,-1.0790830488042928,-0.90027315800222407,-0.83433038410722782,0.45310336015479669,-0.47578972650994023,0.042020247441328366,2
1.0,0.34792808866956132,0.3246304964418873,-0.98645451619642366,-0.33972400865013808,-0.49529192333824551,0.59276872578715367,0.15893754350966502,0.22011142350079621,-1.3046053628248173,-0.48508231638599053,-0.48826373338940865,0.064266441067513905,-0.13317496761989889,-0.7644152032337429,2
1.0,0.28129733121495559,0.33508954679492331,-0.79350144350546203,-0.26266003746313965,-0.31767552346391859,0.50660123142734559,0.12675410977769866,0.16133155463903343,-0.88406890745328637,-0.34704198620033244,-0.88507776913393199,0.29193604538742418,0.04801115835310537,-0.077760406918438219,2
0.88263908285499981,0.23542638894555315,0.33630245323106583,-1.0,-0.35610765720669968,-0.38674009308281093,0.54159259765758616,0.13829108565142767,0.16212495491205986,-1.1024255468115729,-0.51789989205028331,-0.17151239354154324,-0.14879957160128557,-0.61119517278066093,-0.6202127497768114,2
0.86351999259007073,0.22172587974627489,0.23176178377794263,-1.0,-0.4575948117496127,-0.3329365662940848,0.50128613661035404,0.13846982914855621,0.14635532535891471,-1.0983294799988079,1.4863737928782657,-0.39478640886774308,-0.018411104400951804,-1.1890684424254274,-0.63100951499454183,2
1.0,0.27234561039738359,0.38033603385990028,-0.91239071417883322,-0.33086509480344589,-0.49458968384600593,0.6163415837328724,0.15192132936789718,0.23001690568132599,-1.4429617914480104,-0.66307788670041612,-0.74598479746013213,0.064616339518927243,-0.036336745760245606,-0.34060726400179725,2
1.0,0.2400476145002983,0.24074821705631586,-0.8312862060716999,-0.24237539249343598,-0.37495000761113434,0.56412770992292072,0.14546705469441618,0.15825138690868112,-1.2562946072212202,-1.2910481291232223,-0.47276849904231089,0.17964148751504261,-0.18956703827257063,-0.46530878034829704,2
0.89730079423305331,0.23996882854903284,0.25472164190939972,-1.0,-0.32706861712627056,-0.46392520677328702,0.57914133355281328,0.15034629236696057,0.16388402259752993,-1.3247899192268262,-0.58505896810063307,0.74761950739821925,0.044703966946930719,-0.55908795340491646,-0.89395053749200049,2
0.85886949411452307,0.19433073129604947,0.36144567754193796,-1.0,-0.32536859273515401,-0.49824149955873176,0.51936584417827691,0.13177045065424592,0.20367731982710358,-1.0411409021865818,-0.78716406445750975,-0.49007210652325295,-0.14732045602505167,-0.47633301257415633,-0.3769815660046365,2
1.0,0.18306941055494472,0.26616821555383119,-0.71803201655039417,-0.22603005149621785,-0.387073971270745,0.55079641974498805,0.10625142460158336,0.17222668838609551,-1.2621091663252337,-1.1001079708273114,-0.53666858264012474,0.35757522588109203,-0.079386064543697413,-0.53909927112927336,2
1.0,0.27012572567671539,0.34991082045184307,-0.97101489823039799,-0.28291337343498629,-0.4137179128488494,0.59588840295431278,0.15312365015248619,0.20510871017995286,-1.3336630632117041,-0.981575849203423,-0.94207483895569588,-0.067353194495064606,-0.30421905014864603,-0.19044373802756359,2
0.87269905035234119,0.16007096426802991,0.27808468631141831,-1.0,-0.23033352664812889,-0.3386225824752172,0.55899611064230603,0.085090168973486022,0.15774457648268222,-1.2469275577243595,-0.183911110877645,-0.46841252618251517,-0.12803209790826589,-0.38562373818567197,-0.60186355611214282,2
0.98010795501928705,0.13189088072785426,0.22423640873778319,-1.0,-0.30990219948949471,-0.28734480035189208,0.53613807027744975,0.12084229270472858,0.13580899832133642,-1.0219109939421773,-0.049053249517270192,-0.97691205373936985,0.15852767174756457,-0.97486107059968341,-0.14085855754702645,2
1.0,0.22036719721845396,0.41935758014844693,-0.96887757649410922,-0.2309265339986212,-0.36023060571712667,0.5249341133785691,0.11948011822767378,0.19047641619684547,-0.90023832775498791,-0.84038743189596854,-0.86236926377927015,0.13405403445315456,-0.4115230145294943,0.06017322101683692,2
1.0,0.2486372985784642,0.26024939813632031,-0.8723014036337462,-0.34644970359029631,-0.33483760403244023,0.57459859457499574,0.14411883243606316,0.17862708470453637,-1.4032396127909335,-0.23593801080609778,-1.2899933049788634,0.073210002809625474,-0.51981724556228681,-0.39574716949019895,2
0.77617053087519106,0.22957173063040279,0.18509210704718765,-1.0,-0.27044695828706911,-0.35732184148133489,0.54149141940503387,0.12843121942518387,0.11918233812853875,-1.2187374570387344,-0.8601976139214762,0.69336591973104111,-0.27061683675321385,-0.23042140781716328,-0.86468334555565973,2
0.98436689077028516,0.27107062631480949,0.30674133265719272,-1.0,-0.33904058031876333,-0.47253707217932517,0.63005401122448546,0.15890158879889196,0.1746095816759341,-1.3248587135355885,-0.9672919156807076,0.68675349779157902,0.072372886233424513,-0.20402872165361696,-0.86209108979900506,2
0.98940378428808728,0.20216959346038219,0.31606061899531068,-1.0,-0.21374842437478062,-0.45037139892870554,0.61046799666407758,0.11999854953216794,0.17639899006329046,-1.3030936379038851,-1.264638325134634,0.25192069819087148,0.068872245377855357,-0.036630225111244745,-0.79141250613139136,2
1.0,0.20612923099901054,0.2624311558351845,-0.72654164255176157,-0.14455594346843903,-0.40540391688292315,0.5025527299537389,0.095275517918178274,0.15800758104536128,-0.96827390406526748,-0.89411063446767169,-0.011655949941609567,0.39839022998939499,0.41315606531959925,-0.84541155680256597,2
1.0,0.19913538729761568,0.34463141347125309,-0.91303903796563435,-0.2967412435395686,-0.41603445320222204,0.53215276901206376,0.14213282784279144,0.19037158414602501,-1.0513608776717998,-0.78601070056527789,-0.64868951342056302,0.16902382001508673,-0.53385680510843692,-0.26518748559584576,2
0.97620669916024294,0.2690979420117488,0.3751907654515847,-1.0,-0.28688678563687592,-0.50125991341221443,0.57366232415310969,0.16526617342036909,0.21035267183185552,-1.1457462398077634,-1.2479237607078471,-0.41301836362432498,0.24679682984034232,-0.060002738859743686,-0.33256182414626717,2
0.87061934326139834,0.1476785744160225,0.24565489392913464,-1.0,-0.21271406344792607,-0.47513038179876249,0.59160378472366426,0.10852993356394663,0.17289358229103183,-1.3756471909999575,-1.1810779935309272,0.53685163168523964,-0.062570874684242814,-0.33113988240669767,-1.0486465954791471,2
0.96312460638776431,0.27601619433198377,0.27257399910031499,-1.0,-0.27920287899235269,-0.52726495726495715,0.57430154323416205,0.14163459531870137,0.17367757008012921,-1.1922192050775016,-0.74002251413045972,1.971730284407168,0.0079855965011860416,-0.091373370268347978,-1.4856594222527735,2
1.0,0.16088554051354739,0.32084963153500162,-0.77106265933078588,-0.2106086082056455,-0.27707006613160357,0.51209389203282796,0.10148948124079077,0.14156218161567258,-1.0530065162526909,-0.87682153261008011,-0.5085926446427278,0.17016356970217095,-0.4779257041306012,0.060601007065555421,2
0.98190756201844986,0.18314567240746085,0.47411536187821962,-1.0,-0.22511946076207426,-0.44234164697749068,0.63711978533325864,0.11534064574593833,0.23360618657986176,-1.3504427660463139,-1.0778321495989558,-1.04201007102717,-0.085994365373161449,-0.13118418150393535,-0.063118966013352276,2
0.9098708255106801,0.16970173412662568,0.44471001454260761,-1.0,-0.21734321937690582,-0.61417656044134039,0.60156729329951797,0.098258218807290798,0.22753595137163812,-1.2916565227194476,-0.49783007279059621,0.52449677235515813,-0.11957897204626673,-0.095077285554194826,-0.60418113014063346,2
0.95090519429248221,0.1529942687558708,0.37382511440123362,-1.0,-0.3226134239856554,-0.45091686292661032,0.54380885669224388,0.11436664813589389,0.18980089784911264,-1.1442119200638197,0.49960796202501845,-0.068174121910561603,-0.091317266339261752,-1.1038740180660684,-0.53253554515127621,2
0.8859039961013645,0.24663678567764441,0.38922659963749529,-1.0,-0.25541940255121232,-0.34895566157108171,0.56147364783345233,0.11492290088120434,0.17021031334653849,-1.2715934103662905,-0.45505576778535328,-0.31676171761400784,-0.11762856396378829,-0.33537843500528797,0.28111559039099504,2
1.0,0.2133738269831367,0.22402608822827014,-0.68781043640207573,-0.22223497547980528,-0.32638980167244569,0.53724603833253981,0.11359320928583026,0.13276509304897563,-1.1094135585244689,-0.82127115846478915,-0.15993599032971106,0.47298763154460544,-0.076789301335457194,-0.46854491219278638,2
1.0,0.26448188867685779,0.31380012385696254,-0.87493755938752271,-0.26606555594600095,-0.37319079802648275,0.55791863737936864,0.12665011083440575,0.16183546356300405,-1.2317672090572296,-0.59326401275977814,-0.18679546117541213,0.13629404528955391,-0.025709312583128328,-0.60104607837854263,2
0.47219529690471584,1.0,0.45470333124118095,-0.3926390848643011,-0.70672524692901939,-0.5245343388248398,0.23153969773219016,0.47548072196335311,0.26637296304448649,-0.71536513144492453,-0.88810465786586468,-1.2545685605287233,0.53828574429065446,0.11823846756131547,0.049406945998386909,1
0.58577968700696947,0.75589896726060313,0.50428983448807063,-0.60732968973531842,-1.0,-0.56879116742493674,0.21032307135363301,0.38510308274269162,0.23365043157388771,1.6216291471993305,-0.11017867683639171,0.1585947143687938,0.11041378768858698,-0.49917480822395571,-0.29136740415449314,1
0.43304684709614927,1.0,0.54596221728120153,-0.44393890152746174,-0.89142858062211794,-0.58268308143781566,0.22337483597950725,0.55353857401561046,0.30671495650061814,-0.67642571018588127,-1.4292805326382658,-1.0739712994330741,0.20148779062612643,-0.16064105354345096,-0.13514542763178933,1
0.50904725324163491,1.0,0.565687983488246,-0.30818306793303563,-0.83004648003639203,-0.35279964209494757,0.1925425532003604,0.49402119736662159,0.28282930659728711,-0.084811255529335661,-1.0082791516526983,-1.0098886238550999,0.56183220658448063,0.15929352926668411,0.56135818082724565,1
0.33461310390184473,1.0,0.47379974339899278,-0.44489331651410774,-0.82882125260105022,-0.33939903612899086,0.17157574110963425,0.4710654219174788,0.17652840204722622,0.044250817630814065,-0.74480920894804248,0.54665863731942954,-0.36206726095770098,-0.18691796645600398,0.73926431512796809,1
0.39738847312322156,1.0,0.35705952907161487,-0.47131295058921741,-0.84841443011052742,-0.38201992939474344,0.18778731954805447,0.47509509548129192,0.17815611401339795,0.16580159404003503,-0.89497995024344146,-0.49446322201068194,-0.29655938057626502,0.1165901986168289,0.012425374075968764,1
0.55700138818258038,0.88362803579037064,0.88937662355512215,-0.49418097227758156,-1.0,-0.55054668279340802,0.23975312724908579,0.62761205861609282,0.38131300017589614,-0.19694078167553242,-1.4221747712466017,-0.76466169563616715,0.31674439590241787,-0.18773984582462624,0.48517373394264524,1
0.44368036329895966,0.78172793313367972,0.75041451988865637,-0.43471858663427948,-1.0,-0.5687227959536223,0.21566763112864948,0.52819851178740373,0.30436043821170339,-0.76868021113014651,-0.97057490077080688,-0.2017152285402859,0.035561691213404335,-0.50304574585119188,0.60158408367624294,1
0.50804042869956811,1.0,0.6939569635938263,-0.43503389093868189,-0.96729270119566124,-0.47770780739959873,0.24782632768638491,0.6566331519723303,0.32802060213066209,-0.60372112136321698,-1.5408758790458077,-0.72296155788962801,0.30676288054244605,-0.094241483966711365,0.65501516607215915,1
0.44903091163871295,0.8105293289441714,0.59376841068177355,-0.63113231725786112,-1.0,-0.49870355515465808,0.25525621552253352,0.57226572085432792,0.29224963495698109,-0.15991550412823452,-1.2627221003859745,-1.1502698040273351,-0.53450804850665556,-0.33026360051100667,0.2285078284862922,1
0.51527288347267186,0.91025788900113747,0.55732700675347802,-0.51516549601075468,-1.0,-0.63098685100188523,0.24525692116989833,0.61271449936418365,0.34857395569236632,-0.38515394097801092,-1.4171133394119566,-1.0651403006235147,0.19344552694135839,-0.22623478366652619,-0.26308770010284532,1
0.58069464594833653,0.9402051593429529,0.60571048245140358,-0.48197849738588228,-1.0,-0.63203264800927084,0.22780019227326148,0.52894539297749976,0.27207572569579869,0.20276270529309226,-0.91060591862304507,-0.54190855610036159,0.38415513335007367,-0.2280697278267991,0.034211293789243681,1
0.6776129863473197,1.0,0.51366749943774892,-0.39209570649265069,-0.9605639597829102,-0.7090362926635364,0.23308524480325388,0.58206330334228018,0.29360682560405693,1.2067577558302993,-1.2334700395683464,-0.76876064976513314,1.1729921979055988,-0.17585025397271095,-0.059465349329323576,1
0.74920128833897248,0.87418869420799994,0.75872082630499582,-0.53803265048767734,-1.0,-0.57142091048254229,0.30525106277303626,0.57223061266027908,0.32619360519467638,0.050691363198255512,-1.1584694569454552,-0.50272169500687003,0.6537750537234911,-0.37080790487502491,0.3236124334408344,1
0.53332317327044565,1.0,0.63669657600643492,-0.51418821359384992,-0.96976805204884997,-0.56293294829837326,0.26491330877861535,0.59375014018910666,0.33123636149067293,-0.63556563991692272,-1.2258752852254988,-0.97849225402762086,0.037264673577369935,-0.1409002415014286,0.4080466019526463,1
0.65201657130481561,1.0,0.82993453915424875,-0.5272567224865341,-0.88050310071562143,-0.67238139151454157,0.32772961934225192,0.66277202902480348,0.35643146727455771,-0.86477617433062015,-1.6202075371859914,-0.30528206528859281,0.37870088601228974,0.0036779760576636047,0.28281526925836703,1
0.56756315536114188,0.85433977270348893,0.87457878984491078,-0.49824818434877249,-1.0,-0.49199439084116464,0.27955760906795196,0.60090072100229541,0.3703151489398398,-0.83472281988546904,-1.3931631823960062,-0.48857332186820379,0.27180111655018169,-0.30554860942298279,0.68610905102066566,1
0.68968637501956498,1.0,0.71633129206448598,-0.60804458835498509,-0.988461613711066,-0.67709148536547203,0.33163147640220775,0.71811460935328697,0.42571209668957383,-0.48715132565768826,-1.5975957239117087,-1.3685795819979805,0.1954774154495767,-0.10860298331979519,0.026677149407804256,1
0.65542450891066839,1.0,0.92704175203155892,-0.5459846200570162,-0.7935268662401358,-0.73775737410041742,0.25725291479609352,0.55479008831120702,0.40027087632280001,0.17221602062266905,-1.242734552300873,-0.27285051641784719,0.57337121108234301,0.16402667024886794,0.38325155575931963,1
0.49542008319692749,0.79999540348466935,0.6243025426390636,-0.57650899767875963,-1.0,-0.35944494523762704,0.25567291365310063,0.55373309250247005,0.27592735526630302,-0.31114127762620347,-1.3086606459331698,-0.61642730893897291,0.064773508696587934,-0.26345492219030292,0.77167525222130073,1
0.83542746967451686,0.92600050397982225,0.96043527211442659,-0.89723666476325659,-1.0,-0.6937582792556819,0.43956102624550031,0.60854357609608034,0.39613367886217316,-0.93945819675455411,-1.3822161724952342,-0.17162036053489427,0.076335198140896079,-0.32919557257528853,0.58953343664721913,1
0.5909185042454147,0.91451544646635641,0.57864056689567001,-0.65288985332384897,-1.0,-0.48217646158417443,0.3087672883232479,0.57408998745216666,0.28278967102596508,-0.56663763487436958,-1.184501004269642,-0.79180300562960415,-0.18840938139793517,-0.33729528754045873,0.24845140814608382,1
0.59956943956943942,0.83312039312039288,1.0,-0.52868608868608857,-0.99703287703287691,-0.63904059904059884,0.31116484480893986,0.58022696320260403,0.37498253239378621,-0.82076083913889297,-1.3703716587446613,0.32941767850562176,0.30080846573000308,-0.34094021633397048,0.65559433038789328,1
0.65989454032821715,0.85127966631302054,0.66314738061798673,-0.40879033185048563,-1.0,-0.64649077723328885,0.23457190446178591,0.46820396943195774,0.31150429298590337,0.85508042402546991,-0.53443617772477614,-0.41138718135147823,0.89082513435222166,-0.48087641170446999,0.4017099737748176,1
0.70511688014264451,0.91732508874384522,0.70207832360013733,-0.81307560812026636,-1.0,-0.65757757929691962,0.36421698789356555,0.56770461929500537,0.37143404901575955,-0.30788600852337167,-1.1888267309180609,-0.84559641187216306,-0.17011567116885812,-0.21606688885674044,0.16156421699745904,1
0.77863684828136637,0.8630063251328649,0.88256536004999053,-0.6155321505245509,-1.0,-0.83800689227063396,0.35674590242404891,0.60023589350378503,0.33758210779013625,-0.3089829415088281,-1.3513951624235085,0.33139489821493129,0.76792911897337501,-0.42110243172328882,-0.01238657203150449,1
0.85992452434613975,0.96413858168667133,0.83206929084333592,-0.95802452958750473,-1.0,-0.65939776717857324,0.44418024234161091,0.6755116524501209,0.41186228525857466,-0.50353499428844062,-1.425047516970315,-1.182283998996893,-0.04573343318725754,-0.21544266018753291,0.14569032510137295,1
0.61731081451493874,0.93806903240770023,0.64158179939696824,-0.49243679760473991,-1.0,-0.68340607670736064,0.30210118638923272,0.64343537962709174,0.28570821718828915,-0.76119100482975988,-1.4145234417943877,-0.35293703094982698,0.3952431841223118,-0.16708274616779542,0.046130332697068704,1
0.5459787297074723,1.0,0.62206500675398368,-0.28915611894621551,-0.83014342363106119,-0.43095308631237922,0.21436024279764096,0.5195444120895627,0.27575227684230497,0.28182088417180173,-0.97265459209972116,-0.42626501026242503,1.0161184285647862,-0.040930209153927241,0.56049448600005569,1
0.66252869529616465,0.99998537819303701,0.98398912137561911,-0.55000657981313328,-1.0,-0.69079264815545927,0.29274905899597342,0.66655332686404645,0.42421675909387552,-0.35000953932691159,-1.4291088355537509,-0.42379758221754749,0.34584014734742341,-0.22034409119800383,0.355923860551355,1
0.63355781969913794,1.0,0.67639871881500602,-0.52813768860018906,-0.98665738508427936,-0.72683568128788067,0.27668530834344707,0.59917117398166087,0.34949366200153359,0.092353422803157947,-1.3636532815777158,-0.82575361554041438,0.55576891471348966,-0.05663734502303909,0.054653401371897656,1
0.63014870176285132,0.7503920548354629,0.65545446852488343,-0.46850507825792614,-1.0,-0.62938709811003468,0.31579604403606809,0.54059466202643702,0.35717779982047509,-1.1615686546896018,-1.2694391188599499,-1.2092803787945763,0.19652519612277777,-0.33018752532062334,0.076906765347026049,1
0.87252966577236701,0.61305428699037612,0.76202718960912996,-1.0,-0.75892356588231502,-0.50631864630192081,0.50566346025762854,0.40197363358735089,0.26097644591964037,-1.2138588152868184,-1.3438933647890341,0.27448364122275626,-0.13161100145080462,-0.36836975095136343,0.73035273801576683,0
0.5555793482020156,0.59200815962549125,0.53697717713867898,-1.0,-0.55394728222625922,-0.31386241761307021,0.39904341829083273,0.32395519257743532,0.17235527053513944,-0.7528495384258056,-1.1276279610695708,0.59705089271836398,-0.67151195292761856,-0.0096152910741262674,0.90710494752361459,0
0.81809066123998186,0.65775788274856795,0.65654511160344387,-1.0,-0.59856958445964126,-0.40196238826197966,0.60931655975118382,0.35899048616289425,0.23570296188351447,-1.4695162782659383,-1.2701310459005257,-0.10899190675294479,-0.2711080845123171,-0.12516227955316181,0.44861636143336503,0
0.70241048435522302,0.60545103140159617,0.51739718808920643,-1.0,-0.50065999898461688,-0.3097959955393173,0.43202985586827297,0.29093948986601964,0.19912597436393309,-0.44642240538460376,-0.79734430633637254,0.094961288852204451,-0.58923831982826691,0.20833737071350417,0.92367693003412066,0
0.80037712582740839,0.65686202968993412,0.72807810713715393,-1.0,-0.58613877511307966,-0.52240599086479844,0.58100241916380557,0.35631518540294937,0.30494147469969679,-1.4774026010807273,-1.255598721767142,-0.63139961774529096,-0.38863276270742586,-0.059956193883411016,0.55820957476954502,0
0.77612518797829466,0.78973147692749868,0.56999168139121104,-1.0,-0.49980266074041696,-0.41781680035136526,0.50807171696314546,0.34844526643736246,0.23503076089579714,-1.1837423770135782,-0.86322622850657904,-0.34938923568294555,-0.4074940736242546,0.33733164229564377,0.53049603159134284,0
0.74124596920527208,0.62052236924205728,0.48571954073908541,-1.0,-0.5914838367727141,-0.50056413821336776,0.51769913349637364,0.34770480528933578,0.21120350534632637,-1.1292834311979403,-1.1589298695564416,-0.4487069759642166,-0.38866406291825611,-0.22484086322293845,0.035495640032175986,0
0.77176380904479169,0.48141098436474655,0.58697625437641709,-1.0,-0.51974191418882543,-0.41920004400976069,0.50649724244447902,0.29023636099574346,0.24273872576818578,-1.0671704689422139,-1.3724249543186371,-0.49152578924845081,-0.43136885316800433,-0.18586159616373774,0.58956997761565999,0
0.81524106365929072,0.48704593163594878,0.63430607653142301,-1.0,-0.75309021308254376,-0.40513951228465184,0.54532891557945851,0.34497556591294076,0.24166318234574172,-1.2941636449588074,-0.98717192586346236,-0.22090944312580696,-0.26527532811268967,-0.59945374845580113,0.6046788799361722,0
0.77278672362799861,0.46962783437397304,0.48158724942490955,-1.0,-0.56704814327965813,-0.40537709497206709,0.45560379257747768,0.3098367874774704,0.19542068737496551,-0.70511149208213864,-1.2771499244889308,-0.33471375741602616,-0.61858330712059828,-0.32617096871517443,0.25200726301326865,0
0.92073110941146497,0.57962434547273056,0.58929843828649464,-1.0,-0.65959434017767837,-0.48831656566845172,0.51944832342306757,0.30744769638176278,0.24555458171063879,-1.0324281481773956,-0.95420338138299865,-0.19495656649774018,-0.33530209731881905,-0.32470962746742071,0.62795981687233704,0
0.79924945755990695,0.69300180717948323,0.60225926060215129,-1.0,-0.70212262485663746,-0.41977516168245171,0.55555543649297334,0.38188076887007877,0.23817428554252637,-1.2532340324376685,-1.1086922754416244,-0.0094128412895169156,-0.40652918964906193,-0.13977877916961712,0.73169885151729019,0
0.95991388625216467,0.6785205286092959,0.58889712580321296,-1.0,-0.62300068661215713,-0.53827384062391448,0.55175457672441586,0.34920363604476135,0.2568564000034107,-1.3025898490027621,-1.1007000393136055,-0.61621498339698277,-0.27691336425615348,-0.1941006990952566,0.37061209956736968,0
0.77401455563673782,0.5298839549207931,0.54185419056210238,-1.0,-0.54390732720793833,-0.37790531080733575,0.51208076500689814,0.30690785438342971,0.2155336408084236,-1.2082551015371563,-1.2482128258615977,-0.29562412063647292,-0.4593492446599779,-0.11045551362299939,0.66172458910743348,0
0.52056191699886212,0.51226838841677902,0.41520554259784787,-1.0,-0.53529592835297923,-0.31821697175559993,0.43133231251693877,0.28362660196317224,0.15170939281910806,-1.0640708296168901,-1.1964139577206294,0.020586029129852079,-0.54148054578203964,-0.11087469630692358,0.45394148412341134,0
0.92843204062549389,0.55497007656576669,0.36828285660954646,-1.0,-0.66836743351513939,-0.35401642060175542,0.48022995705375904,0.32233473717453487,0.18794161546499386,-0.87362278659883552,-1.0237776137514651,-0.93227037304216243,-0.39334769361160316,-0.26287258941330399,0.29005574771087028,0
0.78449813210127717,0.54654571639836258,0.55632355002247258,-1.0,-0.41852240270253283,-0.58767138514476813,0.49977609472819678,0.29549620394348625,0.24253454742621861,-1.1681592897193585,-1.3376763433380696,-0.37198403169692407,-0.22965204754309329,0.23819451405041048,0.24740564536773541,0
0.92016410094433432,0.77924020162067031,0.65424543595744111,-1.0,-0.57423366318628144,-0.42963914781408097,0.60457114828272596,0.36004948046303675,0.24408562765476574,-1.4662183700636977,-1.0004693509787759,-0.20538707105643894,-0.22029144251101471,0.27286553989238371,0.41626056598160943,0
0.6861945758888377,0.55882640595736344,0.37919054221916704,-1.0,-0.58089779085061699,-0.51798972799008458,0.49929342462185239,0.3231165565871098,0.19569669965673261,-0.82019428538805839,-1.1093457467216357,-0.246011801057477,-0.63744071293691118,-0.29440767657962569,-0.30749345936929995,0
0.83134731473662815,0.75758664691473909,0.46315790576486676,-1.0,-0.51023566116923302,-0.4113300492610838,0.56542121763686881,0.35264725150446835,0.22299757644227955,-1.4110303356901979,-0.80102245704970265,-0.85181520078597162,-0.14114752968985395,0.44764672550602252,0.17116706138374935,0
0.96582809005204961,0.74846464181943595,0.75017767929931656,-1.0,-0.75966888939986199,-0.50782938606576211,0.54808285316596861,0.40958354234317706,0.29217569503358659,-1.334451061567794,-1.0798102082520342,-0.39179681756924944,-0.038268115203858179,-0.082161986534938669,0.57786240491256702,0
0.81582396485204245,0.59962690164274035,0.60272716644206903,-1.0,-0.64567552544514384,-0.55659034456730661,0.56601487598733724,0.35376141887905338,0.28353163839105727,-1.2503188485340346,-1.216930577041345,-0.84530241672802964,-0.44409432336748733,-0.082028851761928839,0.18240237218201988,0
0.80237015172579695,0.55872830078981928,0.42645073287484803,-1.0,-0.4927714921746747,-0.35219708238008324,0.51316923728456521,0.30783823626342138,0.21096261547640127,-1.1673403284157102,-1.1711239020715085,-0.8978766119912458,-0.20851699210718766,-0.1832061419097529,0.43714881854859444,0
0.80132659850156729,0.52657306760007261,0.62289026018638161,-1.0,-0.58978888256486051,-0.46162960389697982,0.49961178260915939,0.34430382045001157,0.25676812216416334,-0.99740719586020665,-1.2678875179869726,-0.19720684585707637,-0.29354791769935989,-0.28923064790052844,0.57183988192832425,0
0.80081810211983862,0.6196187491130013,0.69094300159332656,-1.0,-0.59026047815894811,-0.58484739597330271,0.54770638775739844,0.36465482666155263,0.2672728411249799,-1.1712136875894761,-1.3487286705716575,-0.17824946907224826,-0.37988146829447916,-0.080713695553854617,0.42150840755628227,0
0.86233817668212531,0.65220007505166633,0.59094653717519086,-1.0,-0.54938804446647116,-0.56045543014123045,0.59206829676510542,0.36540537175897897,0.2794357650136205,-1.4283416181722488,-1.2079791353791038,-1.0890500610124894,-0.27412650028099733,0.31750344853296864,0.13660694260099968,0
0.63778249725375324,0.55906554375686568,0.55058440131819852,-1.0,-0.67187843280849502,-0.40452801171731956,0.42597717114724182,0.29690439700902388,0.18201194442960222,-0.53232678886227847,-0.40577293481096355,0.71019844426687229,-0.63934902438189145,-0.6868929710729077,0.82266930840348462,0
0.72388135470302428,0.68414315758938293,0.38355391979113779,-1.0,-0.63148524185945321,-0.42838313148161583,0.51347883107864267,0.33768045404802566,0.18358744278129221,-1.0257167466115056,-0.83165367416302383,-0.2137126564708165,-0.42392666582195559,0.27005255055026101,0.2748370195173423,0
0.78659194818389644,0.50562372999745997,0.40701100933451861,-1.0,-0.48559737744475495,-0.48236383191516397,0.54103581295866321,0.29449284858447466,0.19875787156732608,-1.4173116512164545,-1.3625715710576889,-0.60779949132030398,-0.31259058422874575,0.011831014996749947,-0.088350433366924802,0
0.88086233630919475,0.54935543481733229,0.40192988664204393,-1.0,-0.51340304859918273,-0.39445091548897754,0.42894232599090232,0.26463920054505202,0.16347125657495162,-0.080105147934615317,-0.92026377275042348,-0.38249795761993388,-0.44871994601990589,-0.23178308913855306,0.41659432423880743,0
0.96169052218420292,0.66060334350846428,0.41690676019875583,-1.0,-0.62579252842114053,-0.40964681527192642,0.54000880245066851,0.3677673011538507,0.22066199476207773,-1.1342106967546011,-1.0392453743909427,-0.87714314517103764,0.09800301601716796,0.060036691845242643,0.17969173377660899,0
